staff_id,name,role,department_id,email,phone
1,Jennifer Holland,Pathologist,10,allenchad@example.com,7338240876
2,Kenneth Robinson,Lab Technician,10,qgillespie@example.net,7090132887
3,Ryan Myers,Doctor,2,heather04@example.org,9515032145
4,Robert Quinn,Doctor,9,toddcarroll@example.org,7748459840
5,William Harrell,Pathologist,1,greenbrittany@example.org,6475789182
6,David Clark,Doctor,5,bjohnson@example.com,7986153943
7,Wanda Watts MD,Pathologist,5,fryan@example.net,7151629823
8,Michelle Scott,Pathologist,2,katherine30@example.org,7381951688
9,Denise Romero,Doctor,7,jenniferwilliams@example.org,6826904886
10,Bradley Mcdonald,Receptionist,1,traceyfernandez@example.org,6777465291
11,Mary Hoffman,Pathologist,4,torrestracy@example.net,6800466607
12,Audrey Shepherd,Doctor,4,leonardjessica@example.com,8435784476
13,Brian Hudson,Doctor,8,sfitzgerald@example.org,6313554646
14,Aaron Sherman,Radiologist,10,emilysampson@example.net,6499106691
15,Melissa Edwards,Radiologist,5,diazjudith@example.com,7323293960
16,Timothy Williams,Radiologist,7,amandajimenez@example.com,9613924375
17,Christopher Coleman,Radiologist,5,jjones@example.org,8075542594
18,Gary Thomas,Doctor,3,joshuapadilla@example.net,8120472298
19,Geoffrey Ochoa,Receptionist,10,rosesanchez@example.org,6649201247
20,Gregory Gray,Lab Technician,7,christopher46@example.org,9445282285
21,Jeffrey Lewis,Pathologist,2,powellkaitlyn@example.com,6320850111
22,Christopher Thomas,Doctor,10,areynolds@example.net,6034202239
23,Daniel Berger,Doctor,8,brendaodonnell@example.com,9506098000
24,Jill Ray,Lab Technician,9,kelly70@example.net,9311491941
25,Scott Hernandez,Pathologist,3,bradleycaroline@example.org,8730815877
26,Richard Wilson,Receptionist,5,lauratucker@example.net,6194722507
27,Thomas Gonzales,Doctor,2,durhamshelley@example.net,9663958584
28,Joshua Bailey,Receptionist,3,nrios@example.net,7619677878
29,Nicholas Maynard,Lab Technician,8,hoffmantammy@example.net,7654137482
30,Stanley Walters,Pathologist,1,michellewest@example.net,6510469057
31,Michelle Burgess,Receptionist,7,adamskimberly@example.com,6898689138
32,Jessica Gardner,Receptionist,3,kdickson@example.com,9596562913
33,Isaiah Bates,Lab Technician,2,salazarjohn@example.net,9534708567
34,Mark Cole,Lab Technician,1,andreawalker@example.com,6612098703
35,Jorge Davis,Pathologist,7,amandabowen@example.org,9189308007
36,Sarah Rivera,Radiologist,1,leonard83@example.org,8819662019
37,William Caldwell,Radiologist,9,careyjohn@example.com,8620550371
38,Bruce Palmer,Doctor,4,kwagner@example.com,7422564957
39,Heather Gilbert,Pathologist,5,vanderson@example.net,7818842580
40,Amber Matthews,Lab Technician,4,alisha62@example.net,8450687265
41,Carrie Anderson,Pathologist,4,martinezmatthew@example.com,9141719589
42,Robin Jones,Doctor,9,craigclark@example.org,7588239691
43,Kathy Aguilar,Pathologist,9,posborne@example.net,9685465382
44,Brian Ward,Doctor,6,bwatkins@example.org,7340510303
45,Jessica Rivera,Pathologist,10,chandlerkristin@example.org,6951561715
46,Michael Bradley,Doctor,8,jessica61@example.com,9794353609
47,David Fuller,Pathologist,9,bushkimberly@example.org,9778202793
48,Ashley Fischer,Pathologist,3,margaret36@example.org,7135732670
49,Tony Ferguson,Lab Technician,4,jennifermartinez@example.com,7026897132
50,Mckenzie Carroll,Receptionist,6,twilliams@example.com,7310076924
51,Cindy Nunez,Lab Technician,6,pstone@example.com,9056530805
52,Shelby Reed,Doctor,3,kim13@example.com,8994972846
53,Mark Graham,Pathologist,1,mckenzie25@example.org,6625055751
54,Patricia Jefferson MD,Lab Technician,9,dferguson@example.com,6296139267
55,Cindy Frazier,Radiologist,1,davisnathaniel@example.org,8185398120
56,Jason Gallagher,Receptionist,9,hannahevans@example.org,8970148665
57,Anne Mooney,Pathologist,4,ksherman@example.net,7203966307
58,Belinda Roberts DDS,Radiologist,8,johnsonjennifer@example.com,6768126785
59,Alexandra Simmons,Doctor,10,lcurtis@example.org,6667683167
60,Emily Shah,Pathologist,4,tonymorton@example.org,6381578226
61,Benjamin Singh,Doctor,5,douglaswalker@example.org,9359142538
62,Ashley Holloway,Doctor,7,ronnie79@example.net,9918540995
63,Brianna Robertson,Receptionist,3,vegamichelle@example.org,7157805078
64,Carol Todd,Radiologist,3,ihenderson@example.com,7584741134
65,Charles Merritt,Pathologist,8,kyle44@example.com,6771941611
66,Natasha Brady,Lab Technician,9,mcdonaldmaria@example.net,6172562380
67,Martin Lewis,Radiologist,3,cookdawn@example.com,9112288393
68,Courtney Reeves,Pathologist,10,stonezachary@example.com,8430109284
69,Daniel Sanchez PhD,Radiologist,7,robertbrown@example.com,7335283429
70,Jodi Shannon,Receptionist,2,william66@example.net,9024329003
71,Stacy Griffin,Receptionist,6,williamevans@example.org,9689976485
72,Jeffery Johnson,Pathologist,8,edgar59@example.com,9868470678
73,Dennis White,Pathologist,1,andersondanielle@example.com,9951252669
74,David Hood,Receptionist,7,matthewjones@example.com,9131735202
75,Ronald Davis,Doctor,6,jamietucker@example.net,9534174470
76,Deanna Avila,Radiologist,10,bradpetty@example.com,9302902533
77,Tammy Little,Receptionist,1,harmstrong@example.com,8679708722
78,Bryan Rivera,Doctor,10,jenniferwallace@example.net,9777207626
79,Mrs. Donna Martin,Radiologist,6,joshuaallen@example.net,6076418743
80,Jessica Morales,Pathologist,3,sean18@example.org,6052846106
81,Karen Brown,Radiologist,9,brownadrian@example.net,7484906270
82,Robert Craig,Radiologist,1,vwright@example.com,9936011023
83,Deanna Bird,Pathologist,4,ljohnson@example.com,7898197988
84,Angel Miller,Radiologist,2,freemanmark@example.net,6329658158
85,Kimberly Rodriguez,Pathologist,9,zrussell@example.com,7899207218
86,Bobby Freeman,Lab Technician,7,sherylgill@example.net,7582431591
87,Kristopher Warren,Doctor,2,kimberlyjohnson@example.org,9910751095
88,Terry Wilson,Pathologist,2,hansenpaige@example.com,8664342342
89,Abigail Miller,Lab Technician,6,danielmark@example.com,9688210783
90,Tami Sawyer,Pathologist,3,mliu@example.com,8468547092
91,Amanda Castillo,Pathologist,5,jasonphillips@example.com,7476425944
92,Stephanie Leonard,Receptionist,8,zromero@example.org,7492407151
93,Yolanda Knox,Doctor,8,rparks@example.com,7866920978
94,Frank Burns,Doctor,2,courtney25@example.net,8691319333
95,Melinda Ellis,Pathologist,8,ngarcia@example.net,9710983320
96,Alexander Wilson,Pathologist,8,bradley71@example.net,6703731292
97,Logan Jones,Receptionist,9,banksjill@example.net,9910789129
98,Regina Monroe,Lab Technician,7,michaelpotter@example.org,8378302077
99,Paula Jenkins,Pathologist,2,solomonanthony@example.org,8774652291
100,Kevin Yates,Receptionist,7,hicksbill@example.com,9976213840
101,Travis Bryan,Pathologist,8,kellymichael@example.org,6289083168
102,Daniel Singleton,Receptionist,1,wrightkatrina@example.net,7324216246
103,Katelyn Salinas,Doctor,2,johnsonchristopher@example.org,9398226561
104,John Walters,Pathologist,2,sharonmartin@example.org,7475425376
105,Alicia Evans,Lab Technician,9,andrew27@example.org,6828348916
106,Erin Burke,Pathologist,3,mary69@example.org,8801044433
107,William Allen,Pathologist,5,jeffery27@example.com,9916509197
108,David Hogan,Doctor,3,ematthews@example.net,9034974267
109,Johnathan Burnett,Lab Technician,2,znichols@example.net,7599525775
110,John Hardin,Receptionist,2,johnsonterri@example.net,9614548720
111,Joy Pope,Radiologist,2,vbartlett@example.org,7272698490
112,Stacie Jackson,Pathologist,2,andrewchavez@example.com,8189241578
113,Tiffany Miller,Pathologist,4,james66@example.org,9541501397
114,Chelsea Potter,Lab Technician,9,laura96@example.com,6483274900
115,Lori Carroll,Receptionist,7,amy63@example.net,7168641249
116,Sandra Jordan,Pathologist,6,carolynsherman@example.com,9976690797
117,Lisa Hunter,Lab Technician,4,pameladunn@example.net,6849485050
118,Marcus Johnson,Radiologist,1,mark40@example.com,7778389800
119,Meagan Hutchinson,Receptionist,10,riveracharles@example.com,7223106265
120,Adam Potter,Lab Technician,7,timothyavila@example.com,6796720662
121,Raymond Wells,Doctor,1,asanders@example.net,7287190941
122,Adam Lewis,Pathologist,10,kevin82@example.org,6990584077
123,Autumn Davila,Lab Technician,3,umcmahon@example.com,7848328994
124,Shawna Deleon,Radiologist,8,ronald53@example.net,9676302564
125,Mark Foster,Doctor,4,brian35@example.net,6033642660
126,Angela Clark,Lab Technician,3,sortega@example.net,8307951821
127,Morgan Johns,Receptionist,7,williamtaylor@example.net,7497098541
128,Emily Silva,Pathologist,8,ocasey@example.net,6153798150
129,Paula Rush,Radiologist,4,suzannesantana@example.net,7920842801
130,Jay Alvarez MD,Pathologist,5,ujackson@example.com,7798077877
131,Timothy Herrera,Receptionist,5,ramirezlori@example.org,7644597755
132,Renee Davenport,Receptionist,8,daniel61@example.com,9400756571
133,Alan Davis,Pathologist,6,harrisshawn@example.net,7119284174
134,Steven Riley,Receptionist,8,jackrobinson@example.com,9135766256
135,Kendra Reilly,Doctor,4,megan99@example.com,7410746132
136,Michael Ramos,Radiologist,2,lopezchristine@example.net,8220782286
137,Ethan Key,Pathologist,1,bauershannon@example.net,7846281746
138,Denise Fitzpatrick,Pathologist,9,rubenwade@example.net,8283961829
139,Christopher Conley,Receptionist,2,ashleyreed@example.net,7213468087
140,Whitney Waters,Pathologist,5,tnorris@example.net,8945658088
141,Jacqueline Ramirez,Radiologist,7,millermarisa@example.com,7632732560
142,Kristine Willis,Pathologist,9,obrown@example.net,9390472983
143,Sharon Byrd,Doctor,9,cmullins@example.com,9018563739
144,Michael Evans,Lab Technician,3,qbrooks@example.org,6694005860
145,Brandon Johnson,Radiologist,7,haleytrujillo@example.com,6997350900
146,Nicholas Hughes,Lab Technician,2,hawkinsnicole@example.org,8983222953
147,Marvin Brown,Lab Technician,3,douglasrush@example.org,6899745075
148,David Porter,Receptionist,1,ngill@example.org,8572899681
149,Mary Johnson,Lab Technician,6,bryantemma@example.com,7493252164
150,Kimberly Walters,Doctor,3,erik53@example.org,9839510353
151,Billy Rodriguez,Radiologist,4,kimtiffany@example.net,6013017169
152,Daniel Arnold,Receptionist,2,terrellmary@example.com,9494143025
153,Jessica Wright,Receptionist,10,fitzgeraldandrea@example.net,7103432338
154,Lawrence Ortega,Radiologist,1,jacksontracy@example.net,7873847850
155,Keith Stuart,Receptionist,7,dtaylor@example.net,7387932924
156,Jason Caldwell,Lab Technician,7,jeffhunt@example.org,7192383055
157,Allen Sandoval,Doctor,6,kristinamanning@example.com,8306905852
158,Angela Johnson,Receptionist,3,madeline07@example.net,9206289183
159,Matthew Farrell MD,Lab Technician,5,francojason@example.net,9918346023
160,Kathryn Mathews,Lab Technician,3,umartin@example.com,9301622954
161,Carol Richardson,Doctor,7,josephgreene@example.com,6324455212
162,Bryan Bullock,Pathologist,3,craig47@example.net,9267667180
163,Michael James,Doctor,5,ystevenson@example.com,9349970164
164,Clayton Myers,Lab Technician,6,rwilliams@example.net,9986341559
165,Chelsea Lewis,Receptionist,3,sherrimedina@example.org,9257472840
166,William Johnson,Lab Technician,5,rwhite@example.org,7220214093
167,Ronald Gutierrez,Radiologist,5,ericwalters@example.com,8990011434
168,Shane Ramirez,Pathologist,8,ccurry@example.org,6936121242
169,Nicole Mcclain,Receptionist,5,taylorjessica@example.org,9364206140
170,Hannah Sullivan,Radiologist,2,waltonjoseph@example.com,7985330125
171,Candice Key,Pathologist,9,aschmitt@example.net,8589354864
172,Kirk Elliott,Radiologist,10,kylecalderon@example.org,9225885548
173,Lauren Neal,Doctor,5,careymorgan@example.org,7568024515
174,Mark Snyder,Doctor,2,smithscott@example.net,6897475123
175,Mary Norman,Lab Technician,9,asimmons@example.com,6502964120
176,Kristin Watkins,Lab Technician,3,martin66@example.com,6244687863
177,Dr. Linda Daugherty,Receptionist,8,marcusbooth@example.net,7468228387
178,Michael Johnson,Lab Technician,9,kelly84@example.net,6550697045
179,Joshua Foster,Lab Technician,7,katie35@example.net,6954303792
180,Melissa Holloway,Radiologist,9,ihopkins@example.net,7272477794
181,Anthony Pennington,Lab Technician,10,timothymitchell@example.org,8251847177
182,Sara Hale,Pathologist,7,smithdanny@example.org,9854153271
183,William Mcdonald,Radiologist,9,charleswalker@example.net,9796416042
184,Jose Hayden,Pathologist,5,valerierodriguez@example.org,9029837063
185,Anthony Ramos,Pathologist,10,xparker@example.com,8986869632
186,James Clark,Radiologist,4,wilsonlorraine@example.net,7136793753
187,Shannon Mckenzie,Lab Technician,5,maria04@example.org,9876146016
188,Johnny Howard,Pathologist,1,robinclark@example.org,9491444911
189,Eric Kennedy,Lab Technician,1,nguyenphillip@example.org,6729908461
190,Erin Guerra,Receptionist,3,andreaquinn@example.org,9583602678
191,Nicole Nguyen,Doctor,10,xtorres@example.net,8149695666
192,Michael Waters,Lab Technician,5,patelsamuel@example.org,8250705533
193,Vernon Brown,Receptionist,5,milessydney@example.com,7433327483
194,Alyssa Garcia,Receptionist,2,stevencurtis@example.com,9053758437
195,Jason Carroll,Radiologist,4,benjamintimothy@example.org,8031759217
196,Monica Bishop,Doctor,7,christopherjuarez@example.com,8547351137
197,Jordan Long,Receptionist,6,loristewart@example.org,9820684139
198,Isaiah Brooks,Pathologist,6,reynoldscarl@example.org,7739987092
199,Charles Campos,Pathologist,2,desireehansen@example.com,7244882608
200,Stephanie Munoz,Doctor,2,aprilsimmons@example.org,9638793234
201,Nancy Woodard,Lab Technician,2,nsmith@example.net,6978945317
202,Mitchell Snyder,Pathologist,2,fhodges@example.org,7349152816
203,Adam Barton,Pathologist,8,wrightmichelle@example.org,6152755154
204,Tanya Matthews,Receptionist,8,jthomas@example.org,6387684576
205,Sandra Jones DVM,Lab Technician,4,amy58@example.org,9583444951
206,Carol Ferguson,Doctor,1,eric76@example.org,7921015369
207,Mr. Travis Jones,Lab Technician,10,zrobles@example.org,6240136010
208,Olivia Cabrera,Receptionist,9,carlos60@example.net,7411481240
209,Timothy Mckenzie,Doctor,4,zherrera@example.org,9186750470
210,Timothy Wu,Lab Technician,9,nicole53@example.org,8245930784
211,Ryan Stephens,Pathologist,3,jose08@example.org,8310216248
212,Savannah Hernandez,Doctor,9,allison56@example.com,6545366852
213,Jessica Clark,Radiologist,3,samuel70@example.org,6619893787
214,Noah Duran,Radiologist,4,tyler11@example.net,8894005869
215,Jimmy Jackson,Pathologist,3,dawn71@example.net,8973157980
216,Elizabeth Fernandez,Radiologist,8,sterrell@example.net,9345816456
217,Paul White,Lab Technician,9,whoward@example.net,9691682380
218,Nathan Perez,Receptionist,2,llloyd@example.com,9946704411
219,Sheila Dalton,Pathologist,5,lleblanc@example.net,6076572321
220,Brian Barker,Pathologist,6,kristinanderson@example.net,9201391904
221,Mikayla Johnson,Lab Technician,3,thomas13@example.org,8202243366
222,Jeff Rivera,Pathologist,10,turneredward@example.net,9991638214
223,Sharon Edwards,Pathologist,2,crystal38@example.org,7572538114
224,Mr. Matthew Caldwell MD,Doctor,10,pmaxwell@example.net,8145770674
225,Adam Gamble,Lab Technician,8,alexisolsen@example.com,9706039484
226,Sydney Marshall,Doctor,2,vmiller@example.net,9871455191
227,Ronald Kennedy,Lab Technician,1,lthomas@example.net,7662749422
228,Jack Lee,Receptionist,1,andersonlauren@example.com,7497638377
229,Lynn Bush,Lab Technician,5,ychavez@example.com,7515703065
230,Hector Clark,Pathologist,1,haley71@example.org,8280374888
231,John Johnson,Lab Technician,7,imunoz@example.org,6785219326
232,Janice Stanley,Lab Technician,10,rachelroberson@example.net,9258257931
233,Olivia Tate,Receptionist,6,oscar04@example.com,9116584475
234,Jennifer Baker,Pathologist,10,hsteele@example.com,7359073646
235,Lucas Perez,Lab Technician,4,garciathomas@example.com,8179211039
236,Robert Reed,Lab Technician,6,ibaldwin@example.org,8952141040
237,Phillip Hill,Receptionist,2,stewartlauren@example.org,8479957444
238,Robert Woods,Receptionist,10,jasonwhitehead@example.net,7276951196
239,Julie Lee,Doctor,8,terrihayes@example.com,8429397644
240,Charles Miller,Doctor,7,melissa27@example.org,6393065777
241,Adam Pierce,Pathologist,3,kiddbrianna@example.net,7376176167
242,Marcus Vang,Radiologist,5,ronaldjohnson@example.org,8150080429
243,Whitney May,Pathologist,8,carterbrad@example.net,8570034176
244,Barry Schaefer,Pathologist,7,williamsstephen@example.org,8026756584
245,Melissa Levine,Receptionist,10,larsenhayley@example.net,6629720841
246,Mr. Zachary Benson,Radiologist,3,ericmaxwell@example.org,7309175412
247,Daniel Williams PhD,Radiologist,3,bhicks@example.org,6249887238
248,Patrick Johnson,Pathologist,3,ltran@example.net,6470346113
249,David Patterson,Radiologist,8,dale54@example.net,8415532943
250,Lauren Moreno,Receptionist,4,ashleyross@example.com,7592787220
251,Tamara Baker,Pathologist,10,abigailknight@example.org,7020459336
252,Benjamin Griffith,Radiologist,7,kwells@example.org,8848799126
253,Audrey Elliott,Lab Technician,8,savannahhenderson@example.org,9427398523
254,Cameron Andersen,Lab Technician,1,jason93@example.net,9726958430
255,Shannon Wright,Receptionist,7,gordonwilliam@example.net,7359914352
256,Richard Pacheco,Pathologist,7,hillrobert@example.net,7365022192
257,Stephanie Thomas,Doctor,9,ericksondiane@example.com,7158593133
258,Jake Norton,Receptionist,1,mdavidson@example.com,8199832125
259,Stephanie Richardson,Pathologist,2,matthew58@example.net,7405006456
260,Crystal Lucas,Receptionist,5,fryscott@example.org,9102652002
261,Michael Barker,Pathologist,4,pruitttara@example.com,7549191062
262,Susan Hill,Radiologist,9,jessica13@example.com,6919503330
263,Rebecca Gonzalez,Doctor,5,angela83@example.net,8243678467
264,Charles Murphy,Doctor,4,dawsongregory@example.org,6504146583
265,Natalie Rodriguez,Pathologist,2,deanharris@example.net,6145742806
266,Jocelyn Calhoun MD,Radiologist,10,mcgrathangela@example.com,6916426543
267,Timothy Collins,Doctor,1,robertschristian@example.com,6908332531
268,Tommy Hamilton,Lab Technician,4,fboyer@example.org,6498017504
269,Joseph Garcia,Lab Technician,7,heather04@example.com,8796454843
270,Nathan Barry,Doctor,9,mccoyangela@example.net,6581697802
271,Andrew Pennington,Lab Technician,2,margaretpalmer@example.com,9561500932
272,Emily Foster,Radiologist,5,masongomez@example.net,6759951391
273,Benjamin Dillon,Doctor,10,amanda18@example.net,6848435181
274,Melinda Harrison,Radiologist,6,jennifer79@example.org,7353991587
275,Alex Brown,Lab Technician,1,carl59@example.net,8241904633
276,Brianna Acosta,Radiologist,2,michelle76@example.org,7207847362
277,Jeremiah Wade,Radiologist,2,jameswalsh@example.net,6390369290
278,Mr. James Atkinson DDS,Lab Technician,5,stephen00@example.net,9701914196
279,Tim Perry,Doctor,9,landrade@example.org,8967736846
280,Heidi Finley,Radiologist,5,whitejames@example.net,7051285590
281,Russell Atkins,Pathologist,5,destiny35@example.com,8567795075
282,Aaron Vega,Receptionist,2,dennissteven@example.org,8214607417
283,Jennifer Rogers,Radiologist,8,kingsamantha@example.net,6294253836
284,Veronica Levine,Lab Technician,8,eric01@example.com,9816958888
285,Elizabeth Powell,Receptionist,7,dianawong@example.com,7775779135
286,Michael Willis,Receptionist,9,ianderson@example.com,9259398621
287,Julie York,Radiologist,7,jweiss@example.com,8657109211
288,Joseph Hahn,Lab Technician,1,john78@example.net,6507763281
289,Joshua Molina,Lab Technician,4,larajonathan@example.org,8357857325
290,Jeffrey Hutchinson,Pathologist,7,robert13@example.com,6830132364
291,David Wiggins,Doctor,1,williamsdavid@example.com,9167754659
292,Hunter Tran,Receptionist,5,andrew35@example.org,9183176307
293,Edward Bennett,Doctor,5,patrickpatel@example.org,6150541637
294,Matthew Santos,Doctor,1,jeremy92@example.net,9530510593
295,Brian Turner,Lab Technician,7,joshuahuerta@example.com,6060194012
296,Susan Zamora,Receptionist,1,finleysusan@example.com,8054787118
297,David Robinson,Radiologist,3,sarahlamb@example.net,7672879448
298,Stephanie Green,Lab Technician,7,mitchelltyler@example.org,7626202523
299,Andrew Gates,Lab Technician,3,ryan77@example.org,6130259963
300,Charles Reed,Doctor,7,johnsonthomas@example.com,6947367213
301,Brett Stephenson,Radiologist,7,paul09@example.com,7428177808
302,John Smith,Doctor,9,christopherrasmussen@example.com,7745396924
303,John Morales,Lab Technician,5,yjordan@example.net,8017571494
304,James Anderson,Receptionist,9,sbuckley@example.com,6475768550
305,Robert Jones,Doctor,2,amy66@example.org,9131035290
306,Joshua Vazquez,Receptionist,6,qmartinez@example.org,8740634395
307,Brittany Rojas MD,Doctor,5,blackdaniel@example.com,8001305944
308,April Pennington,Lab Technician,6,dwallace@example.org,9422271225
309,Amber Browning,Pathologist,2,youngeric@example.org,7586246283
310,Ashley Jones,Radiologist,10,mclaughlinmelissa@example.com,9553558813
311,Sara Mckinney,Pathologist,9,erika58@example.org,9315825927
312,Crystal Stuart,Lab Technician,10,burnetttimothy@example.com,7243424986
313,Tiffany Macdonald,Radiologist,3,susan71@example.org,8472291725
314,Thomas Stephenson,Lab Technician,9,cbruce@example.com,6811863473
315,Nicholas Murphy,Radiologist,8,gwilliams@example.org,8565420708
316,Michael Taylor,Pathologist,6,raysamantha@example.com,8888029399
317,Mr. James Johnson DVM,Radiologist,8,moralesalexandra@example.com,6355890420
318,Shirley Gregory,Doctor,2,jhernandez@example.net,6885216970
319,Michelle Burns,Pathologist,1,millersamuel@example.net,8326715424
320,Brittany Jackson,Radiologist,8,scott40@example.org,8900175196
321,Brian Lopez,Lab Technician,8,melissabass@example.org,8891211267
322,Justin Kelly,Doctor,9,mariemiller@example.org,7737515802
323,Meghan Contreras,Pathologist,5,taylordustin@example.org,6573939771
324,Peter Anderson,Receptionist,8,amywilson@example.org,9955849531
325,Madison Moody,Lab Technician,10,amandalopez@example.org,8176657508
326,Ashley Reyes,Lab Technician,1,lmartinez@example.net,7327157552
327,James Mosley,Receptionist,2,kevinbryant@example.com,7491049356
328,Darlene Aguirre,Lab Technician,8,pamela82@example.net,8307795216
329,Tara Gonzales,Receptionist,5,catherine35@example.org,9598582268
330,Parker Smith,Receptionist,9,plopez@example.org,7940363802
331,Jared Ruiz,Lab Technician,9,gsmith@example.com,8323725546
332,Natasha Higgins,Lab Technician,7,william67@example.com,6377119806
333,Amanda Spence,Pathologist,3,wwilliamson@example.net,6099397108
334,Jeremy Robles,Lab Technician,2,kellyvalenzuela@example.net,9408906694
335,John Wiggins,Lab Technician,6,mshaw@example.net,9465071343
336,Logan Russell,Pathologist,4,stoneedwin@example.com,7999804905
337,Travis Howard,Lab Technician,4,psanchez@example.org,7047457909
338,Katie Ramirez,Receptionist,8,brian21@example.net,9980398456
339,William Smith,Radiologist,6,timothy82@example.com,8846993875
340,Kevin Cohen,Radiologist,4,karen46@example.org,9164361730
341,Charles Spence,Receptionist,1,carolynriley@example.net,6915604105
342,Maria Roberts,Radiologist,4,shepherdtiffany@example.org,7132203477
343,Christine Murray,Lab Technician,3,kyle01@example.org,8969277988
344,Grace Sandoval,Pathologist,9,skinneralexander@example.net,9796424859
345,Anna Cortez,Radiologist,4,williamparker@example.org,9021648454
346,Amber Adams,Doctor,1,taylor94@example.com,7651419568
347,Becky Maxwell,Pathologist,8,ostone@example.com,8812498664
348,Lisa Peters,Lab Technician,6,owenscindy@example.com,9434577126
349,Kenneth Stephens,Lab Technician,4,kimberly96@example.org,8838169612
350,Kimberly Black,Lab Technician,9,dawnperez@example.net,6551441835
351,Sean Pierce,Lab Technician,9,calebsaunders@example.net,9823280751
352,William Harris,Lab Technician,3,johnsongary@example.org,7349405370
353,Mark Hernandez,Radiologist,2,stevenlewis@example.com,6324725020
354,Michael Hernandez,Pathologist,3,dana63@example.com,6621839805
355,Mrs. Carly Peterson DVM,Pathologist,10,james49@example.org,7112690521
356,Cassandra Vazquez,Doctor,10,dconley@example.net,6813041286
357,Jonathan Thornton,Lab Technician,4,jaymoss@example.net,8274846493
358,Gina Hamilton,Radiologist,5,sean89@example.net,6355125872
359,Mike Yates,Doctor,7,nlee@example.org,9977991706
360,Mark Murphy,Lab Technician,10,tara02@example.com,8529924725
361,Miss Jennifer Thompson,Doctor,7,ericrodriguez@example.com,7533676019
362,Todd Russell,Lab Technician,1,malonetyrone@example.com,6301352936
363,Kimberly Crawford,Pathologist,3,virginiawhite@example.org,9676462980
364,Kenneth Hudson,Receptionist,8,ronaldcruz@example.org,7329991742
365,Christopher Johnson,Receptionist,4,timothy50@example.net,9890803722
366,Dennis Wells,Pathologist,9,karen02@example.net,9050990454
367,Jennifer Mendez,Receptionist,4,maryhayes@example.net,7081625775
368,Julie Gonzalez,Lab Technician,3,yhuff@example.org,6916649570
369,Nicole Ramos,Pathologist,1,mcneildavid@example.net,6232654016
370,Hannah Johnson,Doctor,4,dwhite@example.org,9190208897
371,Anthony Wood,Lab Technician,1,nicholas16@example.net,7489833148
372,Ashley Wong,Lab Technician,5,piercericardo@example.com,7701612836
373,Sandy Garcia,Pathologist,1,richdavid@example.net,8080560049
374,Gregory Barnes,Receptionist,6,michelle35@example.net,8449973861
375,Laurie Elliott,Lab Technician,5,chavezjo@example.org,6389135256
376,John Walker,Pathologist,6,powersrichard@example.com,9280936368
377,Lindsay Mclaughlin,Pathologist,3,wileytammy@example.com,8144582448
378,Patrick Goodman,Pathologist,2,nicolewheeler@example.net,6221573618
379,Cody Clark,Receptionist,7,tbeck@example.net,7520781184
380,Benjamin Christian,Radiologist,8,robert95@example.com,9204617753
381,Richard Hubbard,Doctor,8,qwalker@example.com,6436040148
382,Megan Howard,Pathologist,6,sanchezevan@example.com,8337535597
383,Daniel Santana,Receptionist,2,crystal56@example.net,7478937346
384,Michael Newton,Radiologist,8,jesse57@example.com,9306785000
385,Jason Gray,Pathologist,3,michaelmathis@example.com,8794478236
386,John Jones,Lab Technician,3,hendersonstephanie@example.com,8908626721
387,Melissa Burch,Receptionist,10,edwinsmith@example.com,9050493227
388,Samantha Miller,Radiologist,8,lcarroll@example.net,6214751214
389,Christina Clements,Radiologist,8,jesse88@example.com,7518959570
390,Megan Roberson,Radiologist,2,kelsey27@example.net,9777020717
391,Chad Chaney,Doctor,2,fjohnson@example.net,6189728203
392,Veronica Barr,Lab Technician,1,stewartnicole@example.org,6955967922
393,Rhonda Jones,Pathologist,2,johnsonkimberly@example.com,9719826101
394,Micheal Moore,Lab Technician,1,carrillorichard@example.org,9732462064
395,Andrea Hernandez,Doctor,5,cindy30@example.org,8284863057
396,Kimberly Stewart,Pathologist,4,baileyveronica@example.com,7626678234
397,Tiffany Franklin,Lab Technician,8,melindaroberson@example.net,6841518493
398,Maria Murray,Doctor,6,jody80@example.com,6241027414
399,Taylor Brown,Lab Technician,4,sheltoncalvin@example.org,9961642147
400,Monica Griffith DVM,Pathologist,6,arnoldtina@example.com,9935766396
401,Erica Peters,Pathologist,5,jamesbarrera@example.net,9894531997
402,Bruce Riddle,Lab Technician,10,laurawright@example.org,9254089426
403,Monique Edwards,Lab Technician,3,codylopez@example.com,6241810453
404,Juan Mcclain,Pathologist,8,johnsonvirginia@example.com,8333300108
405,Amanda Munoz,Doctor,4,xcarlson@example.com,8801945177
406,Michael Ferguson,Receptionist,2,jharris@example.net,7498903411
407,Stephanie Stewart,Lab Technician,7,vdavis@example.org,8595415184
408,David Clay,Lab Technician,1,francisanthony@example.net,9210198541
409,Daniel Clark,Pathologist,6,williamherring@example.org,7355317465
410,Amanda Rios,Doctor,7,perezbriana@example.net,7191464603
411,Gina Garcia,Lab Technician,4,david42@example.net,8509047744
412,Jeremiah Little,Radiologist,4,benjamin51@example.com,9528666770
413,Lori Lopez,Receptionist,3,wmacias@example.net,6648021113
414,Lindsey Foster,Radiologist,3,yklein@example.com,8035842099
415,Kevin Mcclain,Lab Technician,7,amber65@example.org,9506167406
416,Edward Herman,Radiologist,8,goodwesley@example.net,6324206229
417,Sarah Perez,Doctor,7,ethan40@example.com,7685377033
418,Caleb Wilson,Doctor,1,corytrujillo@example.com,7045948480
419,Crystal Gonzalez,Doctor,6,nunezjoe@example.com,6927850763
420,Mark Morris,Radiologist,8,hillbrian@example.com,7943592743
421,Martin Morris,Radiologist,3,adam41@example.org,9837132778
422,Bryan Tyler,Lab Technician,4,kevin72@example.org,7596951436
423,Katie Martin,Lab Technician,3,xclark@example.org,8496774031
424,Mr. Brandon Powell,Radiologist,7,moraleshaley@example.com,7082166462
425,Jackie Mitchell,Receptionist,8,williamsryan@example.net,9276358422
426,Katherine Bender,Lab Technician,6,steven58@example.net,9703007536
427,Mr. Joseph Smith,Receptionist,4,smithdeborah@example.org,7496887662
428,Melinda Bennett,Lab Technician,5,jeffrey83@example.com,9349163743
429,Leslie Cruz,Lab Technician,8,reiddave@example.org,8142902475
430,Kristin Moore,Pathologist,10,pamelamartin@example.net,8668503842
431,John Jackson,Receptionist,5,qwilson@example.net,7289264123
432,Elizabeth Mills,Lab Technician,6,egarza@example.com,8022617313
433,Priscilla Knight,Lab Technician,9,mosscharles@example.com,9414607601
434,Angel Jones,Radiologist,6,beverlypacheco@example.com,8729130264
435,Lisa Dickerson,Radiologist,10,hwatson@example.com,8441087986
436,Patrick Gonzalez,Lab Technician,9,heidi48@example.org,7881405416
437,Megan Ellison,Doctor,3,kanderson@example.com,8291925208
438,Veronica Johnson,Lab Technician,5,amy46@example.net,8118601905
439,Ann Chung,Radiologist,3,charleslarson@example.org,6073258151
440,Jessica Watson,Doctor,3,burtoncheryl@example.com,8188526772
441,Brandon Knight,Doctor,5,larry46@example.org,7749721980
442,Chelsea Hunt,Pathologist,3,marthajacobs@example.net,6339425768
443,Erica Clark,Radiologist,9,william95@example.org,8880619337
444,Brenda Harris,Pathologist,4,ruthmiller@example.net,7390290854
445,Regina Morrison,Radiologist,5,jbell@example.net,8048733720
446,Miss Ann Pham,Pathologist,2,jruiz@example.org,8567515616
447,Sandra Hoffman,Pathologist,4,ronald80@example.com,8268061231
448,Denise White,Pathologist,9,msharp@example.org,8167927196
449,Diane Romero,Pathologist,4,tbarron@example.net,7557328330
450,Taylor Oconnell,Pathologist,6,melissa47@example.net,8408658526
451,Tony Rice,Doctor,7,sergiohodges@example.com,8211156981
452,Matthew Fletcher,Pathologist,2,millerrobert@example.net,6854776542
453,Jennifer Moss,Pathologist,2,amy99@example.net,9515002058
454,Rachel Wells,Radiologist,1,jessicasoto@example.org,7881062823
455,Paula Stephens,Lab Technician,1,haynesanthony@example.com,7035401675
456,Donald Warren,Receptionist,1,eric10@example.com,6647302164
457,Victoria Wells,Lab Technician,4,sydneyalvarez@example.net,7675210256
458,Mr. Justin Murillo,Receptionist,10,tmiles@example.com,8940723567
459,Nichole Berry,Receptionist,2,bernardjohn@example.org,8963220422
460,Timothy Ward,Doctor,2,shaunharris@example.org,8723362558
461,Marilyn Mendoza,Lab Technician,6,zhall@example.com,7254967290
462,Barbara Smith,Receptionist,9,april28@example.net,7862264945
463,Joy Perez,Lab Technician,6,weeksrobin@example.net,9217009385
464,Christopher Dodson,Doctor,5,anthony64@example.net,7545993735
465,Brittany Woods,Receptionist,10,sarahwalsh@example.org,8666887779
466,Sonya Hoover,Lab Technician,9,bakerjonathan@example.org,6731989077
467,Kenneth Howard,Doctor,6,gjimenez@example.net,8253593757
468,Madison Hubbard,Pathologist,1,rebecca03@example.org,9789842690
469,Benjamin Hall,Receptionist,9,robertlarson@example.com,7420879559
470,Meghan Becker,Receptionist,1,cstephens@example.org,6326210415
471,Thomas Ryan,Radiologist,10,maryfoley@example.com,6634207960
472,Robert Stone,Doctor,6,cartereric@example.net,7542179703
473,Henry Murphy,Lab Technician,7,ericstephenson@example.net,6848196352
474,Ashley Hicks,Doctor,8,bcruz@example.com,6145575337
475,John Floyd,Doctor,5,anthonyelaine@example.org,9247906966
476,Patricia Lara,Radiologist,1,bethcontreras@example.com,6441612217
477,Chad Ford,Receptionist,5,edward06@example.org,7485274654
478,Mario Smith,Doctor,10,alexandramorgan@example.com,8949540704
479,Thomas Fowler,Radiologist,1,rebeccamarshall@example.net,9599972657
480,Elizabeth Cobb,Pathologist,8,chad27@example.org,6028627009
481,Charlotte Hernandez,Radiologist,2,margaret33@example.net,9480063188
482,Angela Brown,Lab Technician,1,vrobbins@example.net,8582242183
483,Melissa Cox,Pathologist,7,ray06@example.org,9689710535
484,Douglas Stevens,Doctor,4,lauren21@example.net,8767467099
485,Brian Wilkinson,Radiologist,4,antoniomahoney@example.com,7061619083
486,Robert Peterson,Receptionist,7,usmith@example.com,9773400528
487,Taylor Lambert,Lab Technician,7,joshua37@example.net,6726479739
488,Mary Sanchez,Receptionist,8,dyoung@example.net,9567936258
489,Michael Madden,Pathologist,2,vasquezalexander@example.com,6273863861
490,Yolanda Duran,Receptionist,8,melinda45@example.com,6378189912
491,Kimberly Lopez,Lab Technician,8,bryan48@example.com,9454806370
492,Danny White,Radiologist,1,joshuamiller@example.org,6837262248
493,April Dunn,Doctor,5,pnash@example.org,8633533821
494,Andrew Chandler,Radiologist,3,anthony29@example.org,8605672969
495,Brenda Mcdaniel,Radiologist,6,tylerluis@example.com,7100429822
496,Troy Thomas,Radiologist,1,vasquezamber@example.org,6849656568
497,Heather Perry,Pathologist,8,monicathomas@example.org,7931060410
498,Anna Russell,Radiologist,9,jose81@example.org,9661001206
499,Amanda Goodman,Lab Technician,6,shahdouglas@example.com,9460332824
500,Matthew Garcia,Doctor,9,sarahnelson@example.com,6273637321
